document_id,source_row_index,encoding_artefacts,has_encoding_artefacts,male_pronoun_count,female_pronoun_count,pronoun_mismatch,text_length
GAN11118,11118,utf8_double_A; utf8_nbsp; replacement_char,True,6,0,False,3491
GAN16750,16750,replacement_char,True,0,12,False,2427
GAN14706,14706,replacement_char,True,7,0,False,2171
GAN12383,12383,,False,19,0,False,3051
GAN5555,5555,replacement_char,True,0,0,False,3549
GAN6216,6216,replacement_char,True,0,0,False,2897
GAN10703,10703,replacement_char,True,12,0,False,3565
GAN10594,10594,,False,0,7,False,2136
GAN14036,14036,replacement_char,True,1,0,False,1831
GAN4562,4562,replacement_char,True,0,0,False,2030
GAN14369,14369,replacement_char,True,11,0,False,3195
GAN9786,9786,replacement_char,True,0,0,False,2418
GAN9879,9879,replacement_char,True,0,8,False,3221
GAN8488,8488,replacement_char,True,7,0,False,1964
GAN13079,13079,replacement_char,True,12,0,False,3338
GAN16158,16158,,False,0,9,False,3101
GAN9278,9278,replacement_char,True,12,0,False,3039
GAN16356,16356,,False,0,0,False,2677
GAN16036,16036,replacement_char,True,10,0,False,2952
GAN665,665,replacement_char,True,0,0,False,3133
GAN11434,11434,,False,0,0,False,1119
GAN1165,1165,replacement_char,True,8,0,False,3708
GAN10967,10967,replacement_char,True,0,0,False,3278
GAN280,280,replacement_char,True,20,0,False,2494
GAN11556,11556,replacement_char,True,0,0,False,1465
GAN7708,7708,replacement_char,True,7,0,False,2340
GAN4003,4003,replacement_char,True,26,0,False,3807
GAN10010,10010,replacement_char,True,19,0,False,3246
GAN15376,15376,replacement_char,True,4,0,False,2205
GAN3859,3859,replacement_char,True,0,1,False,2948
GAN8188,8188,replacement_char,True,13,0,False,2025
GAN1922,1922,utf8_double_A; utf8_fffd; utf8_double_e; utf8_nbsp; replacement_char,True,0,17,False,3705
GAN15129,15129,replacement_char,True,0,6,False,2815
GAN12111,12111,replacement_char,True,0,8,False,2729
GAN16253,16253,replacement_char,True,16,0,False,2960
GAN10968,10968,replacement_char,True,0,0,False,2989
GAN2135,2135,,False,3,0,False,2905
GAN10147,10147,replacement_char,True,0,0,False,2705
GAN1707,1707,replacement_char,True,7,0,False,2484
GAN10909,10909,replacement_char,True,0,18,False,3539
GAN2356,2356,,False,4,0,False,2297
GAN13485,13485,replacement_char,True,9,0,False,2468
GAN7047,7047,replacement_char,True,0,0,False,1884
GAN9496,9496,utf8_double_A; utf8_fffd; utf8_double_e; utf8_nbsp; replacement_char,True,0,0,False,2455
GAN3237,3237,utf8_double_A; utf8_fffd; utf8_double_e; utf8_nbsp; replacement_char,True,0,0,False,3339
GAN4110,4110,replacement_char,True,15,0,False,2824
GAN6321,6321,replacement_char,True,0,0,False,2150
GAN1378,1378,replacement_char,True,0,0,False,3092
GAN9354,9354,replacement_char,True,13,0,False,1999
GAN13385,13385,,False,1,6,True,3119
GAN14040,14040,,False,12,0,False,2085
GAN16685,16685,replacement_char,True,12,0,False,3719
GAN2776,2776,replacement_char,True,0,0,False,2569
GAN11765,11765,replacement_char,True,0,0,False,1508
GAN2267,2267,replacement_char,True,0,0,False,4002
GAN6629,6629,,False,0,8,False,2732
GAN10894,10894,replacement_char,True,0,12,False,3417
GAN16839,16839,replacement_char,True,8,0,False,4623
GAN16162,16162,replacement_char,True,0,7,False,2810
GAN10410,10410,replacement_char,True,21,0,False,3497
GAN11254,11254,replacement_char,True,0,0,False,2511
GAN11733,11733,,False,0,0,False,2032
GAN4967,4967,utf8_double_A; utf8_fffd; utf8_double_e; utf8_nbsp; replacement_char,True,3,0,False,2103
GAN17239,17239,replacement_char,True,9,0,False,3634
GAN5082,5082,replacement_char,True,0,13,False,1677
GAN9114,9114,replacement_char,True,0,10,False,2204
GAN12985,12985,replacement_char,True,10,0,False,2837
GAN11948,11948,replacement_char,True,0,6,False,4334
GAN14944,14944,,False,0,13,False,2235
GAN14824,14824,,False,0,18,False,2072
GAN5136,5136,replacement_char,True,0,0,False,1377
GAN12826,12826,,False,0,0,False,2022
GAN4116,4116,replacement_char,True,0,0,False,3174
GAN13912,13912,replacement_char,True,0,13,False,2129
GAN987,987,replacement_char,True,1,0,False,2786
GAN1923,1923,replacement_char,True,14,0,False,3123
GAN1357,1357,replacement_char,True,4,0,False,2348
GAN6025,6025,,False,6,0,False,2971
GAN12130,12130,replacement_char,True,13,0,False,2970
GAN11576,11576,replacement_char,True,0,0,False,1724
GAN960,960,,False,25,0,False,3648
GAN15876,15876,utf8_double_A; utf8_fffd; utf8_double_e; utf8_nbsp; replacement_char,True,0,0,False,4854
GAN10954,10954,replacement_char,True,0,14,False,3039
GAN16050,16050,replacement_char,True,0,10,False,2681
GAN11889,11889,,False,0,0,False,1360
GAN4978,4978,replacement_char,True,5,0,False,2217
GAN13517,13517,replacement_char,True,0,8,False,2300
GAN13753,13753,replacement_char,True,16,0,False,4741
GAN9202,9202,utf8_double_A; utf8_fffd; utf8_double_e; utf8_nbsp; replacement_char,True,0,13,False,2177
GAN13889,13889,replacement_char,True,0,13,False,3187
GAN632,632,utf8_double_A; utf8_fffd; utf8_double_e; utf8_nbsp; replacement_char,True,14,0,False,2904
GAN9601,9601,replacement_char,True,6,0,False,2026
GAN13591,13591,replacement_char,True,10,0,False,2751
GAN10003,10003,replacement_char,True,16,0,False,3545
GAN11196,11196,utf8_double_A; utf8_fffd; utf8_double_e; utf8_nbsp; replacement_char,True,7,0,False,2704
GAN9946,9946,,False,0,1,False,2234
GAN4441,4441,,False,0,6,False,2298
GAN8938,8938,replacement_char,True,0,0,False,2051
GAN5791,5791,replacement_char,True,0,0,False,2851
GAN6004,6004,replacement_char,True,0,5,False,2611
GAN7475,7475,replacement_char,True,13,0,False,3543
GAN6395,6395,replacement_char,True,0,15,False,3307
GAN5088,5088,replacement_char,True,10,0,False,2254
GAN9163,9163,replacement_char,True,18,0,False,2386
GAN12963,12963,replacement_char,True,7,0,False,2794
GAN4448,4448,replacement_char,True,0,0,False,3564
GAN14587,14587,replacement_char,True,0,8,False,2616
GAN3048,3048,replacement_char,True,0,0,False,2565
GAN14821,14821,replacement_char,True,0,17,False,2360
GAN11748,11748,replacement_char,True,0,0,False,1376
GAN15923,15923,replacement_char,True,0,13,False,3490
GAN8286,8286,replacement_char,True,0,0,False,2677
GAN11825,11825,replacement_char,True,0,0,False,1644
GAN441,441,replacement_char,True,0,5,False,2370
GAN10213,10213,replacement_char,True,20,0,False,3988
GAN3999,3999,replacement_char,True,0,0,False,2960
GAN2080,2080,replacement_char,True,15,0,False,1864
GAN2549,2549,replacement_char,True,0,0,False,2308
GAN8089,8089,replacement_char,True,0,0,False,2654
GAN5345,5345,replacement_char,True,8,0,False,2319
GAN6775,6775,replacement_char,True,0,0,False,3636
GAN234,234,,False,0,6,False,1778
GAN3918,3918,replacement_char,True,6,0,False,2871
GAN6903,6903,replacement_char,True,6,0,False,2572
GAN15004,15004,,False,11,0,False,1808
GAN3469,3469,replacement_char,True,0,7,False,2850
GAN115,115,replacement_char,True,13,0,False,2925
GAN16041,16041,replacement_char,True,15,0,False,2089
GAN10873,10873,replacement_char,True,20,0,False,3664
GAN14370,14370,replacement_char,True,19,0,False,2062
GAN8808,8808,utf8_double_A; utf8_nbsp; replacement_char,True,7,0,False,2056
GAN8813,8813,replacement_char,True,14,0,False,3288
GAN7721,7721,utf8_double_A; utf8_fffd; utf8_double_e; utf8_nbsp; replacement_char,True,0,0,False,2229
GAN14489,14489,replacement_char,True,8,0,False,3488
GAN10578,10578,,False,13,0,False,3115
GAN2495,2495,,False,12,0,False,2981
GAN11337,11337,replacement_char,True,0,0,False,2267
GAN11614,11614,replacement_char,True,0,0,False,1590
GAN12584,12584,replacement_char,True,0,15,False,3307
GAN4994,4994,replacement_char,True,0,18,False,2219
GAN7455,7455,replacement_char,True,5,0,False,1942
GAN531,531,replacement_char,True,0,8,False,2728
GAN5141,5141,replacement_char,True,0,6,False,1770
GAN187,187,replacement_char,True,0,0,False,3599
GAN7005,7005,replacement_char,True,14,0,False,3156
GAN13290,13290,replacement_char,True,25,0,False,3376
GAN8264,8264,replacement_char,True,0,14,False,2574
GAN8127,8127,replacement_char,True,0,5,False,2457
GAN16436,16436,replacement_char,True,12,0,False,2793
GAN3949,3949,utf8_double_A; utf8_double_e; utf8_nbsp; replacement_char,True,0,12,False,4777
GAN16719,16719,replacement_char,True,0,12,False,4282
GAN3711,3711,replacement_char,True,0,0,False,2199
GAN6889,6889,replacement_char,True,9,0,False,3922
GAN7316,7316,replacement_char,True,0,0,False,2075
GAN1591,1591,replacement_char,True,0,6,False,2544
GAN678,678,replacement_char,True,10,0,False,1922
GAN8160,8160,,False,19,0,False,2192
GAN8721,8721,,False,0,0,False,1198
GAN11596,11596,replacement_char,True,0,0,False,1057
GAN3261,3261,replacement_char,True,0,19,False,2592
GAN4592,4592,utf8_double_A; utf8_fffd; utf8_double_e; utf8_nbsp; replacement_char,True,16,0,False,3008
GAN4258,4258,replacement_char,True,0,0,False,2875
GAN2543,2543,replacement_char,True,18,0,False,3623
GAN7346,7346,replacement_char,True,0,0,False,2425
GAN1790,1790,replacement_char,True,16,0,False,2471
GAN10618,10618,replacement_char,True,0,0,False,3791
GAN128,128,,False,8,0,False,3179
GAN9063,9063,replacement_char,True,0,0,False,1891
GAN466,466,replacement_char,True,0,0,False,2731
GAN409,409,replacement_char,True,0,0,False,2687
GAN12504,12504,,False,0,19,False,3456
GAN14845,14845,replacement_char,True,0,13,False,3529
GAN7892,7892,replacement_char,True,0,0,False,2177
GAN10326,10326,replacement_char,True,0,0,False,2154
GAN16824,16824,replacement_char,True,7,0,False,1929
GAN2978,2978,replacement_char,True,0,0,False,2063
GAN11764,11764,,False,0,0,False,1566
GAN12618,12618,replacement_char,True,0,13,False,2985
GAN15578,15578,replacement_char,True,0,11,False,3231
GAN3995,3995,replacement_char,True,13,0,False,2717
GAN15497,15497,replacement_char,True,15,0,False,3235
GAN14485,14485,replacement_char,True,13,0,False,3278
GAN3988,3988,replacement_char,True,0,0,False,3080
GAN8235,8235,replacement_char,True,0,10,False,2494
GAN3847,3847,replacement_char,True,2,0,False,2720
GAN14592,14592,replacement_char,True,17,0,False,4225
GAN14765,14765,replacement_char,True,11,0,False,2780
GAN218,218,replacement_char,True,0,0,False,2164
GAN12791,12791,replacement_char,True,11,0,False,3086
GAN11852,11852,replacement_char,True,0,0,False,1360
GAN1687,1687,replacement_char,True,0,0,False,2890
GAN15715,15715,utf8_double_A; utf8_fffd; utf8_double_e; utf8_nbsp; replacement_char,True,0,21,False,3644
GAN12548,12548,replacement_char,True,16,0,False,4443
GAN16429,16429,replacement_char,True,1,6,True,3415
GAN1413,1413,,False,19,0,False,2560
GAN11002,11002,,False,0,11,False,2768
GAN7911,7911,replacement_char,True,0,0,False,1579
GAN16663,16663,replacement_char,True,11,0,False,2077
GAN7859,7859,replacement_char,True,15,0,False,3923
GAN8794,8794,replacement_char,True,0,8,False,3073
GAN182,182,replacement_char,True,0,0,False,2257
GAN6252,6252,replacement_char,True,0,14,False,3002
GAN11044,11044,replacement_char,True,0,14,False,3002
GAN6836,6836,utf8_double_A; utf8_fffd; utf8_double_e; utf8_nbsp; replacement_char,True,0,0,False,2012
GAN4951,4951,replacement_char,True,0,6,False,2402
GAN1706,1706,replacement_char,True,0,7,False,2504
GAN16422,16422,utf8_double_A; utf8_fffd; utf8_double_e; utf8_nbsp; replacement_char,True,20,0,False,3644
GAN12041,12041,replacement_char,True,0,0,False,2861
GAN11590,11590,,False,1,0,False,1087
GAN14096,14096,replacement_char,True,0,12,False,2883
GAN12080,12080,,False,18,0,False,2930
GAN12674,12674,,False,15,0,False,2325
GAN4694,4694,replacement_char,True,0,2,False,2274
GAN10244,10244,replacement_char,True,0,13,False,3081
GAN2404,2404,replacement_char,True,0,0,False,3169
GAN9912,9912,,False,0,0,False,2037
GAN103,103,replacement_char,True,0,0,False,2442
GAN9147,9147,utf8_double_A; utf8_fffd; utf8_double_e; utf8_nbsp; replacement_char,True,0,0,False,2908
GAN2953,2953,replacement_char,True,10,0,False,1897
GAN12086,12086,replacement_char,True,0,0,False,2680
GAN2440,2440,replacement_char,True,30,0,False,2777
GAN4956,4956,,False,0,0,False,2147
GAN5764,5764,replacement_char,True,0,1,False,1985
GAN722,722,replacement_char,True,0,1,False,3184
GAN10002,10002,,False,0,1,False,2244
GAN13145,13145,replacement_char,True,0,16,False,3262
GAN11658,11658,replacement_char,True,0,0,False,1642
GAN1722,1722,replacement_char,True,0,22,False,2571
GAN8144,8144,,False,0,10,False,1924
GAN10298,10298,replacement_char,True,9,0,False,3227
GAN12060,12060,replacement_char,True,13,0,False,2521
GAN4996,4996,replacement_char,True,0,8,False,1737
GAN8124,8124,,False,0,9,False,1615
GAN3214,3214,replacement_char,True,13,0,False,2913
GAN1433,1433,,False,14,0,False,2858
GAN12083,12083,replacement_char,True,16,0,False,3454
GAN1207,1207,replacement_char,True,3,0,False,2466
GAN14137,14137,replacement_char,True,14,0,False,3066
GAN364,364,replacement_char,True,0,11,False,3442
GAN13721,13721,replacement_char,True,0,0,False,3331
GAN11737,11737,replacement_char,True,0,0,False,1649
GAN11640,11640,replacement_char,True,0,0,False,2019
GAN15306,15306,,False,0,0,False,2366
GAN7141,7141,replacement_char,True,0,13,False,2448
GAN849,849,replacement_char,True,0,16,False,3138
GAN12378,12378,replacement_char,True,10,0,False,3375
GAN15861,15861,replacement_char,True,0,6,False,2898
GAN869,869,replacement_char,True,17,0,False,3650
GAN14057,14057,utf8_double_A; utf8_fffd; utf8_nbsp; replacement_char,True,2,0,False,4391
GAN10441,10441,replacement_char,True,0,7,False,2285
GAN16697,16697,replacement_char,True,0,0,False,3265
GAN16728,16728,replacement_char,True,0,12,False,2812
GAN2824,2824,replacement_char,True,0,0,False,2384
GAN8005,8005,replacement_char,True,15,0,False,2793
GAN9877,9877,replacement_char,True,0,0,False,2755
GAN11401,11401,,False,0,0,False,1330
GAN15927,15927,replacement_char,True,0,7,False,2356
GAN10057,10057,replacement_char,True,4,0,False,1837
GAN13194,13194,,False,12,0,False,2081
GAN16780,16780,,False,0,17,False,2353
GAN2071,2071,replacement_char,True,0,0,False,2657
GAN14335,14335,replacement_char,True,0,14,False,3292
GAN7290,7290,,False,13,0,False,1878
GAN2789,2789,replacement_char,True,0,0,False,4546
GAN16084,16084,replacement_char,True,0,7,False,3058
GAN7785,7785,replacement_char,True,7,0,False,1424
GAN5653,5653,replacement_char,True,18,0,False,4090
GAN3355,3355,replacement_char,True,12,0,False,3694
GAN9096,9096,replacement_char,True,0,0,False,2105
GAN16704,16704,,False,0,10,False,1840
GAN10097,10097,replacement_char,True,0,0,False,2846
GAN1695,1695,replacement_char,True,3,0,False,2828
GAN17,17,utf8_double_A; utf8_fffd; utf8_double_e; utf8_nbsp; replacement_char,True,0,0,False,3811
GAN14530,14530,,False,20,0,False,2078
GAN2609,2609,replacement_char,True,0,13,False,3993
GAN11824,11824,,False,0,0,False,1456
GAN13841,13841,replacement_char,True,12,0,False,2673
GAN685,685,replacement_char,True,13,0,False,2874
GAN14965,14965,replacement_char,True,0,14,False,2966
GAN15242,15242,replacement_char,True,0,14,False,2741
GAN6209,6209,replacement_char,True,0,0,False,3643
GAN13590,13590,replacement_char,True,25,0,False,3314
GAN13266,13266,replacement_char,True,0,3,False,2163
GAN8169,8169,utf8_double_A; utf8_fffd; utf8_double_e; utf8_nbsp; replacement_char,True,0,0,False,4027
GAN8624,8624,replacement_char,True,10,0,False,2045
GAN5696,5696,replacement_char,True,0,7,False,2302
GAN13008,13008,replacement_char,True,10,0,False,3132
GAN12537,12537,replacement_char,True,5,0,False,3351
GAN4026,4026,replacement_char,True,0,0,False,1853
GAN13645,13645,replacement_char,True,8,0,False,4016
GAN15609,15609,replacement_char,True,0,0,False,3651
GAN16301,16301,replacement_char,True,0,21,False,2667
GAN13064,13064,replacement_char,True,11,0,False,2329
GAN1773,1773,replacement_char,True,11,1,True,2712
GAN6377,6377,replacement_char,True,3,0,False,2424
GAN1772,1772,replacement_char,True,0,17,False,2835
GAN16355,16355,,False,12,0,False,3281
GAN6787,6787,replacement_char,True,8,0,False,2888
GAN14483,14483,replacement_char,True,0,10,False,3527
GAN6063,6063,replacement_char,True,18,0,False,3726
GAN6330,6330,replacement_char,True,10,0,False,1286
GAN10794,10794,replacement_char,True,0,14,False,2307
GAN7834,7834,,False,0,9,False,1920
GAN3482,3482,utf8_double_A; utf8_fffd; utf8_double_e; utf8_nbsp; replacement_char,True,19,0,False,3397
GAN3225,3225,replacement_char,True,9,0,False,3607
GAN5763,5763,replacement_char,True,15,0,False,3842
GAN5540,5540,utf8_double_A; utf8_double_e; utf8_nbsp; replacement_char,True,6,0,False,1462
GAN5866,5866,replacement_char,True,0,0,False,2335
GAN16195,16195,replacement_char,True,0,8,False,3213
GAN13471,13471,utf8_double_A; utf8_double_e; utf8_nbsp; replacement_char,True,8,0,False,2151
GAN13574,13574,,False,7,0,False,1547
GAN8790,8790,replacement_char,True,20,0,False,2501
GAN9336,9336,,False,0,0,False,2357
GAN15834,15834,replacement_char,True,0,2,False,3206
GAN2804,2804,replacement_char,True,0,11,False,2597
GAN14237,14237,replacement_char,True,13,0,False,2425
GAN14383,14383,,False,18,0,False,2956
GAN16286,16286,replacement_char,True,9,0,False,2127
GAN3453,3453,replacement_char,True,24,0,False,3077
GAN10481,10481,utf8_double_A; utf8_fffd; utf8_double_e; utf8_nbsp; replacement_char,True,0,0,False,3882
GAN659,659,replacement_char,True,0,14,False,3749
GAN9014,9014,,False,0,11,False,2035
GAN16757,16757,replacement_char,True,3,0,False,2507
GAN13478,13478,replacement_char,True,12,0,False,2935
GAN15442,15442,replacement_char,True,0,21,False,3020
GAN1070,1070,replacement_char,True,15,0,False,2487
GAN8684,8684,replacement_char,True,0,0,False,2669
GAN6187,6187,replacement_char,True,0,3,False,2079
GAN6026,6026,replacement_char,True,0,0,False,2380
GAN15267,15267,,False,0,0,False,2707
GAN6952,6952,replacement_char,True,0,0,False,1973
GAN4378,4378,replacement_char,True,9,0,False,2740
GAN9377,9377,replacement_char,True,0,0,False,2790
GAN14454,14454,,False,0,8,False,1746
GAN10845,10845,replacement_char,True,9,0,False,3196
GAN9424,9424,replacement_char,True,0,12,False,2439
GAN2427,2427,replacement_char,True,0,0,False,1970
GAN2166,2166,replacement_char,True,0,0,False,1927
GAN15360,15360,,False,15,0,False,2303
GAN5766,5766,replacement_char,True,0,0,False,2601
GAN4690,4690,replacement_char,True,16,0,False,2585
GAN15847,15847,replacement_char,True,9,0,False,3212
GAN11262,11262,replacement_char,True,0,16,False,2573
GAN14317,14317,,False,0,9,False,2100
GAN14806,14806,replacement_char,True,11,0,False,2156
GAN2558,2558,replacement_char,True,13,0,False,3033
GAN14857,14857,replacement_char,True,0,9,False,2379
GAN2731,2731,replacement_char,True,8,0,False,2189
GAN3131,3131,replacement_char,True,0,6,False,1631
GAN15240,15240,replacement_char,True,0,23,False,3178
GAN2879,2879,replacement_char,True,15,0,False,4787
GAN14282,14282,replacement_char,True,18,0,False,3168
GAN13944,13944,replacement_char,True,0,14,False,2827
GAN6087,6087,replacement_char,True,0,0,False,2869
GAN13893,13893,replacement_char,True,0,17,False,3435
GAN5995,5995,replacement_char,True,6,0,False,3292
GAN10459,10459,replacement_char,True,10,0,False,3019
GAN8354,8354,,False,0,17,False,1925
GAN743,743,replacement_char,True,23,0,False,3773
GAN16091,16091,replacement_char,True,7,0,False,3058
GAN8185,8185,replacement_char,True,12,0,False,3255
GAN198,198,replacement_char,True,0,0,False,2341
GAN14635,14635,replacement_char,True,0,8,False,2312
GAN15650,15650,replacement_char,True,14,0,False,3224
GAN8116,8116,replacement_char,True,0,0,False,2107
GAN11197,11197,,False,0,3,False,2613
GAN16220,16220,,False,0,9,False,1939
GAN8802,8802,replacement_char,True,9,0,False,1575
GAN14187,14187,replacement_char,True,0,7,False,2254
GAN8844,8844,replacement_char,True,0,0,False,1974
GAN978,978,replacement_char,True,11,0,False,1999
GAN10994,10994,replacement_char,True,18,0,False,2718
GAN3623,3623,replacement_char,True,23,0,False,3454
GAN1736,1736,replacement_char,True,0,0,False,1727
GAN5652,5652,replacement_char,True,12,0,False,2281
GAN8730,8730,,False,10,0,False,1597
GAN7905,7905,replacement_char,True,12,0,False,2930
GAN12901,12901,replacement_char,True,4,0,False,3246
GAN14524,14524,replacement_char,True,0,8,False,2457
GAN7232,7232,replacement_char,True,0,17,False,2828
GAN836,836,,False,0,0,False,2614
GAN2678,2678,replacement_char,True,13,0,False,2951
GAN10673,10673,replacement_char,True,23,0,False,3739
GAN1979,1979,replacement_char,True,0,0,False,4210
GAN16512,16512,replacement_char,True,6,0,False,2713
GAN5505,5505,replacement_char,True,9,0,False,2872
GAN16964,16964,replacement_char,True,0,16,False,3055
GAN379,379,replacement_char,True,0,0,False,3344
GAN16834,16834,replacement_char,True,13,0,False,2565
GAN11632,11632,replacement_char,True,0,0,False,1399
GAN2643,2643,replacement_char,True,14,0,False,3176
GAN10751,10751,utf8_double_A; utf8_fffd; utf8_double_e; utf8_nbsp; replacement_char,True,11,0,False,2913
GAN8695,8695,replacement_char,True,17,0,False,2838
GAN8791,8791,replacement_char,True,10,0,False,3008
GAN5584,5584,replacement_char,True,9,0,False,2840
GAN11864,11864,replacement_char,True,0,0,False,1404
GAN6288,6288,replacement_char,True,10,0,False,2644
GAN10993,10993,replacement_char,True,11,0,False,3273
GAN4337,4337,replacement_char,True,0,0,False,2445
GAN4410,4410,replacement_char,True,17,0,False,2431
GAN3867,3867,replacement_char,True,7,0,False,2980
GAN8145,8145,replacement_char,True,0,8,False,1784
GAN6976,6976,replacement_char,True,0,0,False,1883
GAN3831,3831,replacement_char,True,0,0,False,2113
GAN1497,1497,replacement_char,True,6,0,False,3071
GAN6852,6852,replacement_char,True,0,3,False,2933
GAN9379,9379,replacement_char,True,8,0,False,3576
GAN8512,8512,replacement_char,True,0,0,False,1678
GAN714,714,replacement_char,True,21,0,False,3554
GAN15428,15428,utf8_double_A; utf8_fffd; utf8_double_e; utf8_nbsp; replacement_char,True,0,18,False,2941
GAN2965,2965,replacement_char,True,15,0,False,3252
GAN12173,12173,replacement_char,True,7,0,False,3315
GAN4732,4732,,False,0,18,False,2703
GAN9526,9526,replacement_char,True,0,0,False,1941
GAN16204,16204,,False,13,0,False,2387
GAN16357,16357,replacement_char,True,0,0,False,3020
GAN10264,10264,,False,0,15,False,2773
GAN5379,5379,replacement_char,True,0,5,False,2685
GAN31,31,replacement_char,True,11,0,False,2388
GAN4411,4411,replacement_char,True,0,5,False,1848
GAN7386,7386,replacement_char,True,0,0,False,2414
GAN3113,3113,replacement_char,True,16,0,False,2437
GAN11272,11272,replacement_char,True,0,13,False,2548
GAN3102,3102,replacement_char,True,8,0,False,2283
GAN1023,1023,replacement_char,True,19,0,False,3177
GAN16021,16021,utf8_double_A; utf8_fffd; utf8_double_e; utf8_nbsp; replacement_char,True,4,0,False,2689
GAN5395,5395,,False,13,0,False,3194
GAN16727,16727,replacement_char,True,8,0,False,2170
GAN16835,16835,replacement_char,True,10,0,False,3050
GAN1289,1289,replacement_char,True,0,12,False,2868
GAN12246,12246,replacement_char,True,0,10,False,2959
GAN10316,10316,replacement_char,True,4,0,False,2203
GAN8593,8593,,False,16,0,False,2617
GAN2226,2226,replacement_char,True,0,0,False,2880
GAN6509,6509,replacement_char,True,0,13,False,4794
GAN12788,12788,replacement_char,True,0,0,False,2307
GAN1317,1317,replacement_char,True,0,0,False,2633
GAN10292,10292,replacement_char,True,0,15,False,3578
GAN3058,3058,replacement_char,True,9,0,False,2536
GAN6241,6241,replacement_char,True,0,9,False,2909
GAN17006,17006,replacement_char,True,15,0,False,3875
GAN6180,6180,,False,15,0,False,3709
GAN12438,12438,,False,0,10,False,2632
GAN1454,1454,replacement_char,True,0,13,False,2581
GAN8674,8674,replacement_char,True,0,12,False,2198
GAN12456,12456,replacement_char,True,0,4,False,2908
GAN1184,1184,replacement_char,True,0,8,False,2661
GAN10863,10863,,False,13,0,False,2642
GAN824,824,,False,0,2,False,2148
GAN13608,13608,replacement_char,True,10,0,False,2597
GAN4173,4173,replacement_char,True,22,1,True,2911
GAN11706,11706,replacement_char,True,0,0,False,2378
GAN9471,9471,replacement_char,True,0,0,False,2488
GAN11606,11606,,False,0,0,False,1054
GAN739,739,replacement_char,True,0,0,False,3072
GAN12810,12810,replacement_char,True,18,0,False,3258
GAN14655,14655,,False,15,0,False,3202
GAN10795,10795,,False,8,0,False,2707
GAN10621,10621,replacement_char,True,0,15,False,3111
GAN14662,14662,utf8_double_A; utf8_fffd; utf8_double_e; utf8_nbsp; replacement_char,True,13,0,False,3207
GAN15483,15483,replacement_char,True,0,22,False,3191
GAN16739,16739,replacement_char,True,7,0,False,3237
GAN1887,1887,replacement_char,True,0,0,False,2544
GAN2698,2698,replacement_char,True,0,0,False,2560
GAN2486,2486,replacement_char,True,0,0,False,2225
GAN15039,15039,replacement_char,True,0,0,False,3686
GAN4731,4731,replacement_char,True,0,0,False,2532
GAN11660,11660,,False,0,0,False,1111
GAN790,790,,False,17,0,False,2461
GAN8241,8241,replacement_char,True,0,11,False,2053
GAN22,22,replacement_char,True,8,0,False,2777
GAN16618,16618,replacement_char,True,1,5,True,3016
GAN8109,8109,utf8_double_A; utf8_fffd; utf8_double_e; utf8_nbsp; replacement_char,True,0,10,False,3519
GAN3380,3380,replacement_char,True,27,0,False,3329
GAN10434,10434,replacement_char,True,19,0,False,2351
GAN4925,4925,replacement_char,True,11,0,False,2245
GAN16990,16990,replacement_char,True,21,0,False,2954
GAN12296,12296,replacement_char,True,0,6,False,2252
GAN10677,10677,replacement_char,True,5,0,False,2937
GAN8540,8540,,False,17,0,False,2254
GAN5873,5873,replacement_char,True,0,20,False,4611
GAN9368,9368,replacement_char,True,0,0,False,3144
GAN10200,10200,replacement_char,True,17,0,False,2966
GAN16523,16523,utf8_double_A; utf8_fffd; utf8_nbsp; replacement_char,True,9,0,False,4458
GAN11409,11409,replacement_char,True,0,0,False,1157
GAN5645,5645,replacement_char,True,15,0,False,2763
GAN3906,3906,replacement_char,True,0,8,False,1965
GAN15831,15831,replacement_char,True,0,16,False,3231
GAN15672,15672,replacement_char,True,0,22,False,3731
GAN13349,13349,replacement_char,True,0,9,False,3099
GAN9397,9397,replacement_char,True,4,0,False,2291
GAN5479,5479,utf8_double_A; utf8_fffd; utf8_double_e; utf8_nbsp; replacement_char,True,0,0,False,4522
GAN12333,12333,replacement_char,True,18,0,False,4454
GAN816,816,,False,0,0,False,2126
GAN11804,11804,replacement_char,True,0,0,False,1389
GAN2435,2435,replacement_char,True,11,0,False,2882
GAN13970,13970,replacement_char,True,16,0,False,2037
GAN4022,4022,replacement_char,True,0,3,False,2621
GAN14332,14332,replacement_char,True,0,15,False,2646
GAN15964,15964,replacement_char,True,14,0,False,2580
GAN2932,2932,replacement_char,True,0,3,False,2082
GAN2311,2311,replacement_char,True,0,12,False,2670
GAN892,892,replacement_char,True,9,0,False,2036
GAN4480,4480,,False,21,0,False,3064
GAN7196,7196,replacement_char,True,0,2,False,1982
GAN7327,7327,replacement_char,True,0,0,False,2319
GAN899,899,replacement_char,True,0,0,False,4286
GAN5624,5624,replacement_char,True,0,13,False,2293
GAN6979,6979,utf8_double_A; utf8_fffd; utf8_double_e; utf8_nbsp; replacement_char,True,0,10,False,2956
GAN4702,4702,replacement_char,True,12,0,False,3143
GAN1460,1460,,False,15,0,False,2256
GAN4793,4793,,False,21,0,False,3231
GAN240,240,,False,17,0,False,2274
GAN6684,6684,replacement_char,True,13,0,False,2143
GAN14562,14562,,False,0,12,False,2543
GAN10266,10266,replacement_char,True,0,0,False,2648
GAN9801,9801,replacement_char,True,0,0,False,1816
GAN3888,3888,replacement_char,True,0,0,False,1882
GAN12192,12192,replacement_char,True,0,12,False,2714
GAN14385,14385,replacement_char,True,19,0,False,2772
GAN9483,9483,replacement_char,True,17,0,False,3420
GAN13584,13584,,False,8,0,False,2630
GAN8564,8564,replacement_char,True,6,0,False,2080
GAN2883,2883,replacement_char,True,32,0,False,3969
GAN17131,17131,replacement_char,True,9,0,False,2575
GAN7483,7483,,False,27,0,False,3084
GAN9301,9301,replacement_char,True,0,0,False,2964
GAN1636,1636,replacement_char,True,0,0,False,2973
GAN3329,3329,replacement_char,True,0,13,False,3624
GAN15620,15620,replacement_char,True,15,0,False,2833
GAN3827,3827,replacement_char,True,0,5,False,2672
GAN1249,1249,replacement_char,True,0,9,False,3517
GAN15614,15614,replacement_char,True,0,10,False,3558
GAN6303,6303,replacement_char,True,12,0,False,3340
GAN5551,5551,replacement_char,True,0,0,False,3698
GAN4229,4229,replacement_char,True,0,0,False,4794
GAN9547,9547,replacement_char,True,0,0,False,2596
GAN17167,17167,replacement_char,True,0,11,False,3117
GAN2456,2456,replacement_char,True,0,0,False,1646
GAN8979,8979,replacement_char,True,0,0,False,3855
GAN16789,16789,,False,4,0,False,3582
GAN13611,13611,replacement_char,True,1,0,False,3316
GAN16097,16097,replacement_char,True,0,6,False,2814
GAN2749,2749,replacement_char,True,5,0,False,3264
GAN11035,11035,replacement_char,True,7,0,False,3152
GAN8928,8928,,False,0,0,False,1934
GAN3747,3747,utf8_double_A; utf8_nbsp; replacement_char,True,0,6,False,4327
GAN725,725,replacement_char,True,17,0,False,3928
GAN15639,15639,replacement_char,True,0,0,False,3579
GAN4197,4197,replacement_char,True,0,0,False,3022
GAN3407,3407,replacement_char,True,5,0,False,2823
GAN2740,2740,replacement_char,True,19,0,False,2816
GAN5837,5837,replacement_char,True,7,0,False,2919
GAN5040,5040,,False,16,0,False,1855
GAN17146,17146,replacement_char,True,0,5,False,4111
GAN12366,12366,replacement_char,True,12,0,False,2413
GAN5964,5964,replacement_char,True,0,18,False,3478
GAN2684,2684,replacement_char,True,0,10,False,2974
GAN176,176,replacement_char,True,0,12,False,2479
GAN8419,8419,replacement_char,True,0,0,False,4350
GAN6028,6028,replacement_char,True,15,0,False,2719
GAN16281,16281,replacement_char,True,0,3,False,3121
GAN735,735,replacement_char,True,10,0,False,2720
GAN61,61,replacement_char,True,0,0,False,3028
GAN7393,7393,,False,20,0,False,2867
GAN10629,10629,replacement_char,True,0,0,False,2858
GAN8957,8957,replacement_char,True,1,0,False,2024
GAN8355,8355,utf8_double_A; utf8_fffd; utf8_double_e; utf8_nbsp; replacement_char,True,13,0,False,3189
GAN827,827,replacement_char,True,0,0,False,2626
GAN17133,17133,replacement_char,True,18,0,False,3121
GAN15544,15544,,False,19,0,False,2526
GAN16961,16961,replacement_char,True,0,10,False,2758
GAN1794,1794,replacement_char,True,0,19,False,2680
GAN16555,16555,replacement_char,True,7,0,False,2914
GAN9365,9365,,False,6,0,False,2876
GAN12551,12551,,False,16,0,False,3092
GAN14953,14953,replacement_char,True,0,19,False,2482
GAN1914,1914,replacement_char,True,0,13,False,2373
GAN13416,13416,utf8_double_A; utf8_double_e; utf8_nbsp; replacement_char,True,2,0,False,1463
GAN3291,3291,replacement_char,True,0,0,False,2839
GAN4903,4903,utf8_double_A; utf8_fffd; utf8_double_e; replacement_char,True,17,0,False,3530
GAN5430,5430,replacement_char,True,11,0,False,3205
GAN5829,5829,replacement_char,True,0,1,False,3645
GAN15518,15518,replacement_char,True,13,0,False,3234
GAN5534,5534,replacement_char,True,0,8,False,1873
GAN11259,11259,utf8_double_A; utf8_fffd; utf8_double_e; utf8_nbsp; replacement_char,True,0,4,False,2787
GAN5305,5305,,False,13,0,False,2276
GAN5385,5385,replacement_char,True,0,10,False,3054
GAN16161,16161,replacement_char,True,0,16,False,2381
GAN11334,11334,replacement_char,True,13,0,False,2056
GAN10807,10807,replacement_char,True,0,0,False,3009
GAN7958,7958,replacement_char,True,8,0,False,2129
GAN9942,9942,,False,0,0,False,2331
GAN7506,7506,replacement_char,True,0,0,False,1703
GAN12827,12827,replacement_char,True,6,0,False,3022
GAN3452,3452,replacement_char,True,13,0,False,2536
GAN13908,13908,replacement_char,True,0,12,False,2694
GAN5210,5210,utf8_double_A; utf8_fffd; utf8_double_e; utf8_nbsp; replacement_char,True,13,0,False,2386
GAN3082,3082,,False,0,11,False,2313
GAN16807,16807,,False,3,0,False,2058
GAN8736,8736,replacement_char,True,0,9,False,2414
GAN3371,3371,replacement_char,True,0,0,False,2392
GAN9238,9238,replacement_char,True,0,0,False,1821
GAN3534,3534,replacement_char,True,0,14,False,2206
GAN12169,12169,replacement_char,True,0,8,False,4939
GAN278,278,replacement_char,True,0,0,False,2609
GAN4992,4992,,False,0,0,False,1597
GAN15982,15982,replacement_char,True,21,0,False,2406
GAN12749,12749,replacement_char,True,0,17,False,3923
GAN8180,8180,,False,23,0,False,2501
GAN12046,12046,replacement_char,True,0,0,False,2890
GAN15628,15628,replacement_char,True,11,0,False,3439
GAN12281,12281,replacement_char,True,0,9,False,3211
GAN8162,8162,replacement_char,True,0,10,False,2651
GAN1868,1868,replacement_char,True,9,0,False,3008
GAN15900,15900,,False,0,18,False,2866
GAN10052,10052,,False,0,0,False,2644
GAN10408,10408,replacement_char,True,0,0,False,2875
GAN3766,3766,replacement_char,True,0,0,False,2107
GAN5110,5110,replacement_char,True,22,0,False,2366
GAN2220,2220,replacement_char,True,10,0,False,2452
GAN8724,8724,replacement_char,True,0,15,False,2178
GAN12643,12643,replacement_char,True,17,0,False,4559
GAN15513,15513,replacement_char,True,27,0,False,3522
GAN1223,1223,replacement_char,True,21,0,False,2685
GAN9065,9065,replacement_char,True,10,0,False,3209
GAN1854,1854,,False,0,11,False,2700
GAN766,766,replacement_char,True,0,0,False,1727
GAN3889,3889,replacement_char,True,0,0,False,4096
GAN9704,9704,,False,7,0,False,2367
GAN11867,11867,replacement_char,True,0,0,False,1606
GAN4936,4936,replacement_char,True,0,12,False,3539
GAN3806,3806,replacement_char,True,0,0,False,3100
GAN6365,6365,replacement_char,True,0,17,False,3908
GAN2116,2116,replacement_char,True,0,0,False,2396
GAN7897,7897,replacement_char,True,3,0,False,2189
GAN7194,7194,replacement_char,True,0,10,False,2943
GAN2577,2577,replacement_char,True,0,0,False,2531
GAN9251,9251,,False,0,2,False,2021
GAN963,963,replacement_char,True,19,0,False,2581
GAN5476,5476,replacement_char,True,0,0,False,2300
GAN15730,15730,replacement_char,True,18,0,False,2416
GAN14354,14354,,False,10,0,False,1317
GAN3643,3643,replacement_char,True,23,0,False,4111
GAN11131,11131,replacement_char,True,0,8,False,2017
GAN12280,12280,,False,0,20,False,3279
GAN7198,7198,replacement_char,True,0,12,False,3602
GAN7882,7882,replacement_char,True,0,11,False,1971
GAN6131,6131,replacement_char,True,0,9,False,3137
GAN12356,12356,replacement_char,True,6,0,False,2068
GAN7816,7816,,False,0,0,False,2024
GAN10553,10553,replacement_char,True,18,0,False,3300
GAN3118,3118,replacement_char,True,0,0,False,1882
GAN17200,17200,,False,0,19,False,2690
GAN841,841,replacement_char,True,0,3,False,2235
GAN4027,4027,replacement_char,True,0,5,False,2450
GAN13011,13011,replacement_char,True,0,6,False,2021
GAN12679,12679,replacement_char,True,11,0,False,4701
GAN16883,16883,replacement_char,True,16,0,False,4431
GAN1980,1980,,False,22,0,False,2902
GAN1363,1363,replacement_char,True,16,0,False,3373
GAN4591,4591,replacement_char,True,12,0,False,2317
GAN7581,7581,replacement_char,True,0,11,False,2712
GAN1326,1326,replacement_char,True,0,0,False,1899
GAN1005,1005,,False,12,0,False,2819
GAN14748,14748,replacement_char,True,9,0,False,3098
GAN2354,2354,replacement_char,True,0,18,False,3135
GAN11389,11389,,False,0,5,False,2660
GAN690,690,,False,13,0,False,2422
GAN467,467,replacement_char,True,0,0,False,2442
GAN15021,15021,,False,6,0,False,1974
GAN10933,10933,replacement_char,True,10,0,False,3164
GAN8135,8135,replacement_char,True,0,7,False,2852
GAN6192,6192,,False,0,6,False,1491
GAN16107,16107,replacement_char,True,0,7,False,3096
GAN9189,9189,,False,0,2,False,1932
GAN14025,14025,replacement_char,True,4,0,False,2889
GAN3512,3512,replacement_char,True,0,9,False,2810
GAN14943,14943,utf8_double_A; utf8_fffd; utf8_double_e; utf8_nbsp; replacement_char,True,0,7,False,3430
GAN6607,6607,replacement_char,True,1,0,False,3752
GAN11585,11585,,False,0,0,False,1368
GAN11918,11918,replacement_char,True,12,0,False,2825
GAN3224,3224,replacement_char,True,0,12,False,2406
GAN8342,8342,,False,16,0,False,2301
GAN2765,2765,replacement_char,True,4,0,False,3224
GAN8852,8852,replacement_char,True,15,0,False,1913
GAN5221,5221,replacement_char,True,0,8,False,1508
GAN17126,17126,,False,10,0,False,2402
GAN10159,10159,replacement_char,True,0,1,False,4958
GAN7280,7280,,False,25,0,False,2982
GAN8581,8581,replacement_char,True,0,0,False,2607
GAN4092,4092,,False,10,0,False,3020
GAN3849,3849,replacement_char,True,0,0,False,4248
GAN11408,11408,replacement_char,True,1,0,False,1197
GAN5507,5507,replacement_char,True,5,0,False,2223
GAN11787,11787,replacement_char,True,0,0,False,1974
GAN13037,13037,replacement_char,True,7,0,False,2737
GAN13267,13267,replacement_char,True,0,10,False,3047
GAN3297,3297,replacement_char,True,4,0,False,2092
GAN11681,11681,,False,0,0,False,1718
GAN11841,11841,replacement_char,True,0,0,False,1845
GAN8222,8222,replacement_char,True,0,18,False,1934
GAN17216,17216,replacement_char,True,3,0,False,2279
GAN14645,14645,,False,13,0,False,3332
GAN2759,2759,replacement_char,True,0,0,False,3301
GAN16718,16718,replacement_char,True,10,0,False,2781
GAN5682,5682,replacement_char,True,0,0,False,2664
GAN16529,16529,utf8_double_A; utf8_fffd; utf8_double_e; utf8_nbsp; replacement_char,True,0,19,False,5359
GAN17229,17229,replacement_char,True,8,0,False,4618
GAN1094,1094,,False,0,10,False,1858
GAN212,212,replacement_char,True,0,0,False,2729
GAN10612,10612,utf8_double_A; utf8_fffd; utf8_double_e; utf8_nbsp; replacement_char,True,13,0,False,2693
GAN3528,3528,replacement_char,True,14,0,False,2698
GAN1018,1018,replacement_char,True,0,0,False,2978
GAN5908,5908,replacement_char,True,8,0,False,3171
GAN8568,8568,replacement_char,True,0,0,False,1621
GAN12412,12412,replacement_char,True,14,0,False,2879
GAN13069,13069,replacement_char,True,14,0,False,4670
GAN11076,11076,,False,0,0,False,2107
GAN8942,8942,,False,0,0,False,1545
GAN1463,1463,replacement_char,True,18,0,False,3068
GAN9979,9979,replacement_char,True,0,10,False,4027
GAN7783,7783,replacement_char,True,22,0,False,3076
GAN2597,2597,,False,4,0,False,2582
GAN11499,11499,,False,0,0,False,1490
GAN5708,5708,utf8_double_A; utf8_fffd; utf8_double_e; utf8_nbsp; replacement_char,True,0,0,False,3129
GAN1889,1889,replacement_char,True,0,7,False,3124
GAN2374,2374,replacement_char,True,0,0,False,3227
GAN10862,10862,replacement_char,True,0,6,False,1916
GAN1060,1060,replacement_char,True,13,0,False,2478
GAN1046,1046,replacement_char,True,0,0,False,2409
GAN1656,1656,replacement_char,True,0,4,False,2051
GAN934,934,replacement_char,True,0,7,False,2113
GAN11562,11562,replacement_char,True,0,0,False,1882
GAN4602,4602,utf8_double_A; utf8_nbsp; replacement_char,True,0,0,False,3353
GAN14214,14214,,False,0,13,False,2242
GAN11734,11734,,False,0,1,False,1211
GAN11380,11380,,False,0,7,False,2175
GAN12362,12362,,False,6,0,False,2873
GAN4615,4615,replacement_char,True,9,0,False,3129
GAN3753,3753,replacement_char,True,18,0,False,3682
GAN9279,9279,replacement_char,True,5,0,False,3333
GAN15141,15141,replacement_char,True,0,0,False,2626
GAN16633,16633,replacement_char,True,9,0,False,3188
GAN4771,4771,replacement_char,True,0,9,False,2879
GAN7431,7431,replacement_char,True,0,4,False,2238
GAN243,243,replacement_char,True,17,0,False,2533
GAN5954,5954,replacement_char,True,19,0,False,3172
GAN79,79,replacement_char,True,6,0,False,4208
GAN15385,15385,replacement_char,True,0,11,False,2938
GAN8474,8474,replacement_char,True,0,11,False,2280
GAN10074,10074,replacement_char,True,0,10,False,1985
GAN12573,12573,,False,24,0,False,3133
GAN13043,13043,replacement_char,True,21,0,False,3869
GAN1705,1705,replacement_char,True,15,0,False,3559
GAN149,149,replacement_char,True,0,11,False,4702
GAN13123,13123,,False,0,14,False,2599
GAN1182,1182,replacement_char,True,0,3,False,2273
GAN14306,14306,replacement_char,True,0,8,False,1720
GAN16368,16368,replacement_char,True,10,0,False,2871
GAN12392,12392,replacement_char,True,8,0,False,2467
GAN13922,13922,replacement_char,True,0,21,False,2274
GAN10542,10542,replacement_char,True,0,10,False,2157
GAN1629,1629,replacement_char,True,0,0,False,3839
GAN4892,4892,,False,0,14,False,2038
GAN14145,14145,utf8_double_A; utf8_fffd; utf8_nbsp; replacement_char,True,15,0,False,3730
GAN1185,1185,replacement_char,True,6,0,False,4422
GAN15593,15593,replacement_char,True,0,19,False,3806
GAN4624,4624,replacement_char,True,0,0,False,2963
GAN4709,4709,replacement_char,True,0,0,False,3804
GAN6624,6624,replacement_char,True,0,8,False,1859
GAN9888,9888,utf8_double_A; utf8_fffd; utf8_double_e; utf8_nbsp; replacement_char,True,0,0,False,3013
GAN2245,2245,replacement_char,True,4,0,False,3161
GAN12562,12562,replacement_char,True,8,0,False,2125
GAN16271,16271,replacement_char,True,12,0,False,2238
GAN10538,10538,utf8_fffd; utf8_double_e; replacement_char,True,0,0,False,3958
GAN3507,3507,replacement_char,True,0,0,False,2041
GAN16991,16991,replacement_char,True,11,0,False,2026
GAN2475,2475,,False,10,0,False,2489
GAN16132,16132,,False,10,0,False,2572
GAN16865,16865,,False,9,0,False,3252
GAN6077,6077,utf8_double_A; utf8_fffd; replacement_char,True,0,0,False,2869
GAN13765,13765,replacement_char,True,6,0,False,3190
GAN2242,2242,replacement_char,True,13,0,False,1939
GAN14792,14792,replacement_char,True,12,0,False,2020
GAN17279,17279,replacement_char,True,0,12,False,4235
GAN6408,6408,replacement_char,True,8,0,False,1785
GAN3864,3864,replacement_char,True,0,0,False,2515
GAN12127,12127,replacement_char,True,0,0,False,3659
GAN6592,6592,,False,0,9,False,2490
GAN16108,16108,replacement_char,True,0,12,False,2934
GAN2282,2282,replacement_char,True,0,17,False,2773
GAN11431,11431,,False,0,8,False,1137
GAN16574,16574,replacement_char,True,15,0,False,2748
GAN3325,3325,replacement_char,True,11,0,False,3271
GAN3327,3327,,False,0,0,False,2397
GAN12139,12139,replacement_char,True,0,0,False,3851
GAN5200,5200,,False,15,0,False,2872
GAN8820,8820,replacement_char,True,0,9,False,2039
GAN1380,1380,utf8_double_e; replacement_char,True,13,0,False,3540
GAN8476,8476,replacement_char,True,0,0,False,1674
GAN13635,13635,replacement_char,True,7,0,False,3140
GAN10047,10047,replacement_char,True,1,0,False,2728
GAN10206,10206,replacement_char,True,0,0,False,2367
GAN2622,2622,replacement_char,True,0,9,False,2876
GAN15771,15771,replacement_char,True,12,0,False,3429
GAN16962,16962,,False,0,11,False,2319
GAN1812,1812,replacement_char,True,0,0,False,3364
GAN16632,16632,replacement_char,True,4,0,False,2083
GAN13732,13732,replacement_char,True,7,0,False,3112
GAN14250,14250,,False,16,0,False,2176
GAN12502,12502,replacement_char,True,0,23,False,2823
GAN14390,14390,,False,21,0,False,2236
GAN8346,8346,replacement_char,True,2,0,False,2112
GAN6929,6929,replacement_char,True,10,0,False,3267
GAN17273,17273,,False,0,25,False,3267
GAN14611,14611,replacement_char,True,10,0,False,2857
GAN3892,3892,replacement_char,True,0,2,False,1894
GAN12506,12506,replacement_char,True,0,14,False,3559
GAN13209,13209,replacement_char,True,25,0,False,3688
GAN2812,2812,replacement_char,True,11,0,False,2579
GAN7615,7615,replacement_char,True,0,9,False,3491
GAN10063,10063,replacement_char,True,13,0,False,2093
GAN7126,7126,replacement_char,True,0,6,False,2201
GAN136,136,replacement_char,True,9,0,False,3045
GAN16590,16590,replacement_char,True,22,0,False,3636
GAN13190,13190,,False,14,0,False,1893
GAN1190,1190,replacement_char,True,14,0,False,2538
GAN492,492,replacement_char,True,16,0,False,3196
GAN1290,1290,replacement_char,True,19,0,False,2408
GAN5331,5331,replacement_char,True,0,0,False,2029
GAN7884,7884,,False,0,9,False,1488
GAN6319,6319,replacement_char,True,0,0,False,3310
GAN4340,4340,replacement_char,True,17,0,False,2857
GAN12330,12330,replacement_char,True,14,0,False,2724
GAN15203,15203,replacement_char,True,20,0,False,3017
GAN11221,11221,replacement_char,True,14,0,False,2358
GAN156,156,replacement_char,True,0,0,False,1711
GAN14877,14877,,False,10,0,False,2230
GAN12751,12751,,False,0,19,False,3357
GAN1883,1883,replacement_char,True,16,0,False,3191
GAN3054,3054,,False,0,11,False,1786
GAN9215,9215,replacement_char,True,13,0,False,3535
GAN959,959,replacement_char,True,0,15,False,3542
GAN174,174,replacement_char,True,0,16,False,2861
GAN14567,14567,replacement_char,True,0,9,False,2492
GAN15737,15737,replacement_char,True,9,0,False,2701
GAN1880,1880,replacement_char,True,18,0,False,3113
GAN10942,10942,replacement_char,True,9,0,False,2645
GAN11750,11750,utf8_double_A; utf8_fffd; utf8_double_e; utf8_nbsp; replacement_char,True,3,0,False,1804
GAN9109,9109,replacement_char,True,0,12,False,2839
GAN8932,8932,,False,0,8,False,1597
GAN16753,16753,replacement_char,True,1,9,True,3510
GAN5092,5092,,False,0,0,False,1791
GAN5406,5406,replacement_char,True,0,0,False,2104
GAN8858,8858,,False,0,0,False,2877
GAN1422,1422,,False,0,0,False,2488
GAN2262,2262,replacement_char,True,0,6,False,2061
GAN4217,4217,replacement_char,True,5,0,False,2796
GAN2596,2596,replacement_char,True,0,0,False,2820
GAN7491,7491,replacement_char,True,0,4,False,1909
GAN6532,6532,replacement_char,True,0,0,False,3077
GAN14545,14545,replacement_char,True,0,12,False,3526
GAN3682,3682,replacement_char,True,6,0,False,1963
GAN1573,1573,,False,16,0,False,3374
GAN7167,7167,replacement_char,True,12,0,False,3013
GAN16977,16977,utf8_double_A; utf8_fffd; utf8_double_e; utf8_nbsp; replacement_char,True,9,0,False,3497
GAN6909,6909,replacement_char,True,0,0,False,3582
GAN16593,16593,replacement_char,True,24,0,False,3522
GAN17110,17110,,False,16,0,False,2792
GAN14092,14092,replacement_char,True,0,19,False,2702
GAN13627,13627,replacement_char,True,8,0,False,3105
GAN2513,2513,,False,13,0,False,3024
GAN13051,13051,replacement_char,True,11,0,False,2756
GAN11109,11109,replacement_char,True,0,0,False,3527
GAN17189,17189,utf8_double_A; utf8_fffd; utf8_double_e; utf8_nbsp; replacement_char,True,9,0,False,3455
GAN10996,10996,replacement_char,True,3,0,False,2120
GAN5527,5527,replacement_char,True,0,0,False,2349
GAN5351,5351,replacement_char,True,0,1,False,1081
GAN3340,3340,replacement_char,True,16,0,False,4163
GAN13843,13843,replacement_char,True,15,0,False,2850
GAN13473,13473,,False,24,0,False,3726
GAN4073,4073,replacement_char,True,31,0,False,3850
GAN13210,13210,replacement_char,True,19,0,False,3069
GAN3246,3246,replacement_char,True,0,0,False,2120
GAN1898,1898,replacement_char,True,0,0,False,2886
GAN13600,13600,replacement_char,True,23,0,False,3092
GAN13513,13513,replacement_char,True,0,21,False,2950
GAN4842,4842,,False,0,12,False,1972
GAN698,698,replacement_char,True,0,0,False,2940
GAN14031,14031,replacement_char,True,2,0,False,2919
GAN2425,2425,replacement_char,True,0,13,False,3103
GAN7863,7863,replacement_char,True,23,0,False,3215
GAN1153,1153,replacement_char,True,19,0,False,4582
GAN5504,5504,,False,7,0,False,1871
GAN11492,11492,replacement_char,True,0,0,False,990
GAN9449,9449,replacement_char,True,9,0,False,2965
GAN14540,14540,,False,19,0,False,2843
GAN3242,3242,replacement_char,True,11,0,False,2549
GAN13077,13077,replacement_char,True,5,0,False,2580
GAN15766,15766,utf8_fffd; utf8_double_e; replacement_char,True,7,0,False,2362
GAN1911,1911,replacement_char,True,0,0,False,2264
GAN10330,10330,,False,13,0,False,2278
GAN3940,3940,replacement_char,True,25,0,False,3045
GAN8265,8265,replacement_char,True,0,17,False,2533
GAN13595,13595,replacement_char,True,9,0,False,3043
GAN8113,8113,replacement_char,True,14,0,False,2577
GAN16450,16450,replacement_char,True,20,0,False,2652
GAN4496,4496,replacement_char,True,0,1,False,2469
GAN9287,9287,replacement_char,True,0,0,False,2477
GAN2337,2337,replacement_char,True,2,0,False,2772
GAN2114,2114,replacement_char,True,0,18,False,2571
GAN10728,10728,replacement_char,True,0,0,False,2726
GAN15404,15404,,False,0,16,False,2522
GAN7195,7195,replacement_char,True,8,0,False,3459
GAN8835,8835,replacement_char,True,6,0,False,2713
GAN17297,17297,replacement_char,True,0,13,False,3155
GAN7328,7328,replacement_char,True,8,0,False,2350
GAN3262,3262,replacement_char,True,10,0,False,2854
GAN10445,10445,replacement_char,True,0,10,False,3839
GAN7318,7318,replacement_char,True,4,0,False,3517
GAN16825,16825,,False,8,0,False,2813
GAN7719,7719,replacement_char,True,0,0,False,4165
GAN13901,13901,replacement_char,True,0,5,False,1921
GAN7389,7389,,False,3,0,False,1899
GAN4839,4839,replacement_char,True,0,0,False,3631
GAN5961,5961,replacement_char,True,0,6,False,2442
GAN12079,12079,replacement_char,True,0,0,False,4072
GAN11207,11207,,False,0,0,False,2170
GAN13167,13167,replacement_char,True,10,0,False,2342
GAN12403,12403,replacement_char,True,31,0,False,3923
GAN12314,12314,replacement_char,True,16,0,False,2777
GAN610,610,utf8_double_A; utf8_fffd; utf8_double_e; utf8_nbsp; replacement_char,True,22,0,False,2436
GAN10031,10031,replacement_char,True,0,0,False,2287
GAN15429,15429,replacement_char,True,0,8,False,3416
GAN14002,14002,replacement_char,True,18,0,False,2281
GAN15642,15642,replacement_char,True,0,13,False,2310
GAN16203,16203,replacement_char,True,21,0,False,3117
GAN9462,9462,replacement_char,True,0,10,False,2724
GAN503,503,replacement_char,True,25,0,False,2774
GAN7935,7935,replacement_char,True,13,0,False,2459
GAN10517,10517,replacement_char,True,0,7,False,2953
GAN14499,14499,replacement_char,True,0,9,False,3490
GAN8398,8398,replacement_char,True,9,0,False,2485
GAN11523,11523,replacement_char,True,2,0,False,1612
GAN8432,8432,replacement_char,True,0,4,False,1424
GAN15986,15986,replacement_char,True,0,3,False,2776
GAN7961,7961,replacement_char,True,0,6,False,2174
GAN12665,12665,,False,22,0,False,3784
GAN2781,2781,replacement_char,True,0,0,False,2272
GAN7420,7420,,False,16,0,False,2384
GAN6153,6153,replacement_char,True,0,19,False,4489
GAN5684,5684,replacement_char,True,0,5,False,2932
GAN15407,15407,replacement_char,True,0,9,False,3776
GAN3353,3353,replacement_char,True,23,0,False,3337
GAN51,51,replacement_char,True,0,0,False,2463
GAN7670,7670,replacement_char,True,13,0,False,2420
GAN13174,13174,,False,9,0,False,1998
GAN7894,7894,replacement_char,True,0,10,False,1986
GAN2489,2489,replacement_char,True,5,0,False,3601
GAN12919,12919,utf8_double_A; utf8_fffd; utf8_double_e; utf8_nbsp; replacement_char,True,0,0,False,4668
GAN1633,1633,replacement_char,True,12,0,False,2610
GAN8203,8203,,False,14,0,False,3606
GAN4011,4011,,False,0,0,False,1675
GAN14029,14029,,False,6,0,False,3986
GAN14076,14076,replacement_char,True,0,11,False,2496
GAN11399,11399,replacement_char,True,0,13,False,3532
GAN6073,6073,replacement_char,True,35,0,False,4813
GAN11411,11411,replacement_char,True,0,0,False,982
GAN8799,8799,replacement_char,True,0,0,False,3016
GAN15785,15785,replacement_char,True,15,1,True,3964
GAN4243,4243,replacement_char,True,20,0,False,3240
GAN6273,6273,,False,19,0,False,3744
GAN17258,17258,replacement_char,True,0,7,False,2655
GAN8924,8924,replacement_char,True,0,11,False,1965
GAN6387,6387,replacement_char,True,4,0,False,2461
GAN8400,8400,replacement_char,True,14,0,False,2382
GAN8723,8723,,False,19,0,False,2263
GAN15396,15396,replacement_char,True,0,8,False,2430
GAN4113,4113,replacement_char,True,13,0,False,2851
GAN16394,16394,replacement_char,True,0,0,False,2667
GAN6763,6763,replacement_char,True,19,0,False,3268
GAN3791,3791,replacement_char,True,0,0,False,1528
GAN9294,9294,replacement_char,True,0,12,False,2762
GAN6034,6034,,False,0,9,False,1808
GAN16432,16432,replacement_char,True,13,0,False,3467
GAN10189,10189,replacement_char,True,0,0,False,4227
GAN1030,1030,replacement_char,True,8,0,False,3314
GAN493,493,replacement_char,True,25,0,False,3040
GAN3436,3436,replacement_char,True,0,0,False,2489
GAN12494,12494,,False,0,23,False,3260
GAN4076,4076,utf8_double_A; utf8_fffd; utf8_double_e; utf8_nbsp; replacement_char,True,0,0,False,2826
GAN14858,14858,replacement_char,True,0,15,False,2023
GAN17292,17292,,False,0,14,False,2475
GAN4926,4926,replacement_char,True,0,0,False,1505
GAN12090,12090,,False,11,0,False,2535
GAN4597,4597,replacement_char,True,0,0,False,2576
GAN11282,11282,,False,0,3,False,779
GAN2007,2007,replacement_char,True,0,0,False,2208
GAN12667,12667,replacement_char,True,10,0,False,2316
GAN6967,6967,replacement_char,True,2,0,False,3207
GAN2725,2725,replacement_char,True,13,0,False,2936
GAN2795,2795,replacement_char,True,16,0,False,4468
GAN4478,4478,replacement_char,True,7,0,False,3842
GAN3706,3706,replacement_char,True,0,14,False,2200
GAN16310,16310,replacement_char,True,17,0,False,2716
GAN15768,15768,replacement_char,True,15,0,False,2764
GAN11285,11285,replacement_char,True,13,0,False,3108
GAN15127,15127,replacement_char,True,0,0,False,2256
GAN7192,7192,replacement_char,True,0,5,False,2607
GAN6699,6699,replacement_char,True,0,0,False,3088
GAN13336,13336,replacement_char,True,0,5,False,2309
GAN4269,4269,replacement_char,True,0,13,False,4038
GAN1429,1429,replacement_char,True,0,13,False,4342
GAN13823,13823,,False,19,0,False,3407
GAN5714,5714,replacement_char,True,1,12,True,2572
GAN2554,2554,replacement_char,True,0,0,False,2571
GAN10237,10237,replacement_char,True,0,0,False,2513
GAN180,180,replacement_char,True,0,0,False,1928
GAN2094,2094,replacement_char,True,0,6,False,2299
GAN750,750,replacement_char,True,19,0,False,3917
GAN4100,4100,replacement_char,True,13,0,False,3226
GAN4631,4631,,False,0,0,False,2218
GAN10245,10245,utf8_double_A; utf8_fffd; utf8_double_e; utf8_nbsp; replacement_char,True,14,0,False,3747
GAN12778,12778,replacement_char,True,11,0,False,2450
GAN12258,12258,replacement_char,True,0,12,False,2738
GAN16674,16674,,False,0,5,False,2195
GAN16774,16774,replacement_char,True,5,0,False,2720
GAN9259,9259,replacement_char,True,0,0,False,2886
GAN3934,3934,,False,0,13,False,2363
GAN14590,14590,replacement_char,True,13,0,False,3228
GAN15327,15327,replacement_char,True,11,0,False,2942
GAN1017,1017,replacement_char,True,4,0,False,1856
GAN190,190,replacement_char,True,16,0,False,2652
GAN4574,4574,replacement_char,True,0,0,False,2494
GAN13450,13450,utf8_double_A; utf8_fffd; utf8_double_e; utf8_nbsp; replacement_char,True,23,0,False,2473
GAN10398,10398,replacement_char,True,0,0,False,2778
GAN12051,12051,replacement_char,True,0,0,False,2118
GAN5974,5974,replacement_char,True,0,1,False,2402
GAN8244,8244,,False,11,0,False,2036
GAN2369,2369,replacement_char,True,0,0,False,2846
GAN6065,6065,replacement_char,True,7,0,False,3882
GAN7168,7168,replacement_char,True,0,0,False,3272
GAN8805,8805,replacement_char,True,12,0,False,2565
GAN17207,17207,replacement_char,True,1,0,False,3588
GAN10487,10487,replacement_char,True,6,0,False,2785
GAN11842,11842,replacement_char,True,0,0,False,2047
GAN8922,8922,,False,0,10,False,1889
GAN10934,10934,replacement_char,True,0,18,False,3569
GAN4239,4239,utf8_double_A; utf8_fffd; utf8_double_e; utf8_nbsp; replacement_char,True,0,16,False,4085
GAN12877,12877,replacement_char,True,2,0,False,2198
GAN9897,9897,replacement_char,True,7,0,False,2697
GAN3681,3681,replacement_char,True,0,0,False,1823
GAN11216,11216,utf8_double_A; utf8_fffd; utf8_double_e; utf8_nbsp; replacement_char,True,0,0,False,2813
GAN5174,5174,replacement_char,True,0,16,False,1850
GAN1694,1694,,False,0,14,False,2159
GAN12882,12882,,False,9,0,False,2564
GAN16181,16181,,False,0,10,False,2249
GAN4919,4919,replacement_char,True,0,15,False,3770
GAN12590,12590,,False,0,28,False,3388
GAN16717,16717,replacement_char,True,0,2,False,2429
GAN2877,2877,,False,3,0,False,2802
GAN2274,2274,,False,0,15,False,1873
GAN2762,2762,,False,0,6,False,1696
GAN3774,3774,,False,0,14,False,1939
GAN12645,12645,replacement_char,True,11,0,False,3646
GAN288,288,replacement_char,True,0,0,False,3022
GAN11436,11436,replacement_char,True,0,0,False,975
GAN7275,7275,,False,8,0,False,2755
GAN15745,15745,replacement_char,True,1,3,True,3076
GAN12823,12823,replacement_char,True,19,0,False,4116
GAN11749,11749,replacement_char,True,0,0,False,1778
GAN5921,5921,replacement_char,True,0,0,False,2006
GAN15431,15431,replacement_char,True,0,6,False,2385
GAN12948,12948,replacement_char,True,0,0,False,3007
GAN2652,2652,,False,0,10,False,2195
GAN5490,5490,replacement_char,True,18,0,False,2137
GAN8523,8523,replacement_char,True,10,0,False,1970
GAN12335,12335,,False,14,0,False,3349
GAN11405,11405,,False,1,0,False,1596
GAN15302,15302,replacement_char,True,0,6,False,1905
GAN16585,16585,replacement_char,True,13,0,False,3665
GAN15094,15094,,False,0,10,False,2204
GAN8423,8423,,False,13,0,False,2521
GAN16335,16335,replacement_char,True,0,10,False,2607
GAN6930,6930,replacement_char,True,0,8,False,1990
GAN11756,11756,replacement_char,True,0,0,False,1468
GAN12657,12657,replacement_char,True,16,0,False,3462
GAN7341,7341,replacement_char,True,0,0,False,2220
GAN2366,2366,,False,0,0,False,2017
GAN14881,14881,,False,10,0,False,2382
GAN16772,16772,replacement_char,True,12,0,False,3117
GAN4700,4700,,False,0,0,False,2649
GAN11350,11350,replacement_char,True,18,0,False,2683
GAN5957,5957,replacement_char,True,4,0,False,3004
GAN3600,3600,replacement_char,True,0,0,False,2232
GAN2459,2459,replacement_char,True,0,12,False,5427
GAN3839,3839,replacement_char,True,0,17,False,3356
GAN7993,7993,replacement_char,True,31,0,False,3447
GAN8079,8079,replacement_char,True,0,12,False,2564
GAN13587,13587,replacement_char,True,5,0,False,2467
GAN7872,7872,replacement_char,True,10,0,False,2355
GAN15966,15966,replacement_char,True,6,0,False,2216
GAN15802,15802,replacement_char,True,0,7,False,3713
GAN15148,15148,,False,7,0,False,2282
GAN386,386,replacement_char,True,0,0,False,2490
GAN8690,8690,replacement_char,True,15,0,False,2162
GAN10896,10896,utf8_double_A; utf8_fffd; utf8_double_e; utf8_nbsp; replacement_char,True,0,0,False,2857
GAN9391,9391,replacement_char,True,0,0,False,2296
GAN4679,4679,replacement_char,True,0,0,False,4512
GAN15268,15268,replacement_char,True,0,0,False,2370
GAN8596,8596,replacement_char,True,0,0,False,1984
GAN985,985,replacement_char,True,10,0,False,2863
GAN854,854,replacement_char,True,0,13,False,2281
GAN9300,9300,replacement_char,True,26,0,False,3100
GAN15519,15519,replacement_char,True,16,0,False,5263
GAN5197,5197,replacement_char,True,0,0,False,1776
GAN10941,10941,replacement_char,True,0,0,False,2301
GAN12190,12190,replacement_char,True,0,7,False,3642
GAN16128,16128,replacement_char,True,0,11,False,2466
GAN12114,12114,replacement_char,True,0,5,False,2821
GAN891,891,replacement_char,True,0,10,False,3199
GAN16133,16133,replacement_char,True,16,0,False,3386
GAN8577,8577,replacement_char,True,0,0,False,2033
GAN16557,16557,replacement_char,True,3,0,False,2511
GAN12871,12871,replacement_char,True,0,0,False,2000
GAN6360,6360,replacement_char,True,23,0,False,3090
GAN13178,13178,replacement_char,True,10,0,False,2890
GAN10009,10009,replacement_char,True,0,11,False,3187
GAN9190,9190,replacement_char,True,18,0,False,3134
GAN10984,10984,replacement_char,True,0,8,False,2085
GAN666,666,replacement_char,True,0,0,False,2014
GAN12145,12145,replacement_char,True,6,0,False,3234
GAN1295,1295,replacement_char,True,0,0,False,2605
GAN3293,3293,replacement_char,True,24,0,False,3054
GAN9955,9955,replacement_char,True,12,0,False,3009
GAN2306,2306,replacement_char,True,0,0,False,2519
GAN15697,15697,utf8_double_A; utf8_fffd; utf8_double_e; utf8_nbsp; replacement_char,True,0,11,False,3967
GAN4,4,utf8_double_A; utf8_fffd; utf8_double_e; utf8_nbsp; replacement_char,True,0,19,False,3084
GAN16251,16251,replacement_char,True,0,9,False,2545
GAN2938,2938,replacement_char,True,10,0,False,1732
GAN10583,10583,replacement_char,True,15,0,False,3932
GAN13006,13006,,False,4,0,False,2154
GAN10509,10509,replacement_char,True,0,14,False,3893
GAN4004,4004,replacement_char,True,0,9,False,2195
GAN11728,11728,replacement_char,True,0,0,False,1636
GAN1961,1961,replacement_char,True,0,0,False,2267
GAN16420,16420,replacement_char,True,20,0,False,3061
GAN10447,10447,,False,0,0,False,2886
GAN15113,15113,,False,23,0,False,3394
GAN15470,15470,replacement_char,True,0,14,False,3367
GAN6701,6701,replacement_char,True,0,0,False,2996
GAN14146,14146,replacement_char,True,6,0,False,2290
GAN748,748,replacement_char,True,13,0,False,2419
GAN9179,9179,replacement_char,True,0,20,False,3802
GAN1934,1934,replacement_char,True,0,25,False,3709
GAN2233,2233,replacement_char,True,23,0,False,2771
GAN598,598,replacement_char,True,12,0,False,2816
GAN8954,8954,replacement_char,True,0,10,False,1917
GAN5528,5528,,False,12,0,False,2360
GAN4831,4831,replacement_char,True,0,5,False,1740
GAN3829,3829,replacement_char,True,0,17,False,4345
GAN16408,16408,replacement_char,True,7,0,False,3068
GAN763,763,replacement_char,True,20,0,False,3296
GAN14271,14271,,False,5,0,False,2788
GAN2822,2822,replacement_char,True,0,0,False,2857
GAN14888,14888,replacement_char,True,9,0,False,2248
GAN2149,2149,utf8_double_e; replacement_char,True,0,20,False,5297
GAN3015,3015,replacement_char,True,18,0,False,3388
GAN5627,5627,replacement_char,True,6,0,False,3452
GAN6251,6251,replacement_char,True,7,0,False,2431
GAN13993,13993,replacement_char,True,15,0,False,1889
GAN7405,7405,replacement_char,True,10,0,False,3305
GAN8473,8473,,False,14,0,False,2367
GAN16947,16947,replacement_char,True,0,3,False,2898
GAN14503,14503,replacement_char,True,19,0,False,3229
GAN9618,9618,replacement_char,True,13,0,False,3001
GAN2681,2681,replacement_char,True,0,5,False,2619
GAN6029,6029,replacement_char,True,11,0,False,3998
GAN12218,12218,replacement_char,True,0,5,False,2512
GAN13114,13114,replacement_char,True,0,8,False,2489
GAN12300,12300,replacement_char,True,19,0,False,3833
GAN12068,12068,replacement_char,True,7,0,False,2594
GAN6677,6677,replacement_char,True,0,0,False,2392
GAN8854,8854,replacement_char,True,0,13,False,1792
GAN4777,4777,replacement_char,True,0,0,False,2896
GAN9937,9937,replacement_char,True,3,0,False,2170
GAN5767,5767,,False,0,0,False,2707
GAN10260,10260,,False,12,0,False,1896
GAN12326,12326,replacement_char,True,11,0,False,3170
GAN6011,6011,replacement_char,True,9,0,False,2174
GAN6986,6986,replacement_char,True,0,0,False,2056
GAN16257,16257,replacement_char,True,6,0,False,2089
GAN3801,3801,replacement_char,True,0,9,False,2694
GAN1281,1281,replacement_char,True,0,0,False,1901
GAN8221,8221,utf8_double_A; utf8_fffd; utf8_double_e; utf8_nbsp; replacement_char,True,0,11,False,2706
GAN3468,3468,replacement_char,True,0,9,False,2604
GAN12676,12676,replacement_char,True,16,0,False,3909
GAN4342,4342,replacement_char,True,0,10,False,2736
GAN1486,1486,replacement_char,True,0,0,False,1942
GAN13822,13822,replacement_char,True,15,0,False,2712
GAN12772,12772,replacement_char,True,0,3,False,2354
GAN2487,2487,replacement_char,True,3,0,False,2979
GAN14930,14930,,False,0,15,False,1642
GAN2541,2541,replacement_char,True,0,0,False,3293
GAN4809,4809,replacement_char,True,8,0,False,4472
GAN2746,2746,replacement_char,True,0,0,False,2003
GAN10123,10123,replacement_char,True,17,0,False,2448
GAN4320,4320,replacement_char,True,25,0,False,2944
GAN15529,15529,,False,9,0,False,3125
GAN4910,4910,replacement_char,True,8,0,False,1161
GAN6571,6571,utf8_double_A; utf8_fffd; utf8_double_e; utf8_nbsp; replacement_char,True,0,0,False,2755
GAN40,40,replacement_char,True,10,0,False,2918
GAN5996,5996,replacement_char,True,0,0,False,2918
GAN16820,16820,,False,10,0,False,2558
GAN13058,13058,replacement_char,True,11,0,False,3199
GAN9943,9943,replacement_char,True,26,0,False,4068
GAN17001,17001,replacement_char,True,4,0,False,2015
GAN14468,14468,replacement_char,True,12,0,False,2688
GAN12465,12465,,False,1,14,True,2956
GAN17287,17287,replacement_char,True,0,6,False,2293
GAN11995,11995,replacement_char,True,0,0,False,3422
GAN14628,14628,replacement_char,True,0,0,False,3252
GAN14823,14823,replacement_char,True,0,17,False,3435
GAN13019,13019,replacement_char,True,8,0,False,4669
GAN1866,1866,,False,0,11,False,2014
GAN3710,3710,,False,20,0,False,2796
GAN10383,10383,replacement_char,True,16,0,False,4059
GAN15108,15108,replacement_char,True,0,0,False,3406
GAN11711,11711,replacement_char,True,0,0,False,1672
GAN15174,15174,replacement_char,True,7,0,False,2053
GAN16938,16938,replacement_char,True,0,10,False,2866
GAN1938,1938,replacement_char,True,9,0,False,2766
GAN17201,17201,utf8_double_A; utf8_fffd; utf8_double_e; utf8_nbsp; replacement_char,True,12,0,False,4304
GAN13376,13376,replacement_char,True,0,10,False,2211
GAN15255,15255,replacement_char,True,0,8,False,3494
GAN3514,3514,replacement_char,True,0,13,False,2016
GAN8949,8949,replacement_char,True,0,0,False,3057
GAN1511,1511,replacement_char,True,0,0,False,2638
GAN4424,4424,replacement_char,True,0,0,False,2086
GAN8208,8208,replacement_char,True,0,0,False,1599
GAN14872,14872,replacement_char,True,13,0,False,2166
GAN2112,2112,replacement_char,True,0,0,False,2349
GAN11463,11463,replacement_char,True,0,0,False,2335
GAN1597,1597,,False,0,0,False,2287
GAN7578,7578,replacement_char,True,0,0,False,2638
GAN15208,15208,replacement_char,True,0,8,False,2802
GAN16225,16225,replacement_char,True,0,11,False,2886
GAN5976,5976,utf8_double_A; utf8_fffd; utf8_double_e; utf8_nbsp; replacement_char,True,3,0,False,2129
GAN5906,5906,replacement_char,True,0,0,False,1954
GAN6661,6661,replacement_char,True,0,0,False,1339
GAN3630,3630,replacement_char,True,16,0,False,2927
GAN12348,12348,,False,13,0,False,2868
GAN12468,12468,replacement_char,True,0,12,False,2523
GAN13162,13162,replacement_char,True,9,0,False,4073
GAN11874,11874,,False,0,0,False,1563
GAN13109,13109,replacement_char,True,0,10,False,3663
GAN12460,12460,utf8_double_A; utf8_fffd; utf8_double_e; utf8_nbsp; replacement_char,True,0,23,False,3584
GAN12236,12236,replacement_char,True,0,10,False,2434
GAN6987,6987,replacement_char,True,4,0,False,2349
GAN7409,7409,replacement_char,True,0,19,False,4101
GAN1500,1500,replacement_char,True,10,0,False,2893
GAN7738,7738,replacement_char,True,8,0,False,2483
GAN15377,15377,utf8_double_A; utf8_fffd; utf8_double_e; utf8_nbsp; replacement_char,True,0,6,False,3498
GAN3281,3281,utf8_double_A; utf8_double_e; utf8_nbsp; replacement_char,True,0,0,False,3418
GAN1171,1171,replacement_char,True,0,13,False,2995
GAN16833,16833,replacement_char,True,0,26,False,3843
GAN5213,5213,replacement_char,True,6,0,False,3180
GAN7202,7202,replacement_char,True,0,14,False,2322
GAN14672,14672,replacement_char,True,0,12,False,2482
GAN15997,15997,replacement_char,True,2,4,True,2542
GAN14887,14887,utf8_double_A; utf8_double_e; utf8_nbsp; replacement_char,True,11,0,False,3214
GAN7093,7093,replacement_char,True,0,5,False,3228
GAN10737,10737,,False,5,0,False,2199
GAN17135,17135,,False,9,0,False,3450
GAN744,744,replacement_char,True,0,9,False,3350
GAN12949,12949,replacement_char,True,0,7,False,2674
GAN2228,2228,replacement_char,True,14,0,False,3246
GAN16469,16469,replacement_char,True,0,0,False,4150
GAN2748,2748,replacement_char,True,8,0,False,2359
GAN10371,10371,replacement_char,True,0,7,False,1952
GAN10386,10386,replacement_char,True,0,0,False,1966
GAN3095,3095,replacement_char,True,7,0,False,2595
GAN10931,10931,replacement_char,True,0,0,False,2556
GAN6706,6706,replacement_char,True,0,11,False,2430
GAN2887,2887,replacement_char,True,4,0,False,2368
GAN4345,4345,utf8_double_A; utf8_fffd; utf8_double_e; utf8_nbsp; replacement_char,True,12,0,False,3705
GAN694,694,replacement_char,True,0,7,False,2498
GAN15665,15665,replacement_char,True,0,11,False,3248
GAN5140,5140,replacement_char,True,0,21,False,2780
GAN12835,12835,replacement_char,True,12,0,False,2962
GAN15012,15012,replacement_char,True,12,0,False,1813
GAN3846,3846,utf8_double_A; utf8_fffd; utf8_double_e; utf8_nbsp; replacement_char,True,0,0,False,3276
GAN5121,5121,replacement_char,True,0,4,False,1472
GAN2548,2548,replacement_char,True,9,0,False,2693
GAN8631,8631,replacement_char,True,0,1,False,1382
GAN11844,11844,replacement_char,True,0,0,False,1555
GAN12641,12641,replacement_char,True,12,0,False,2570
GAN1683,1683,replacement_char,True,17,0,False,3086
GAN3758,3758,replacement_char,True,0,0,False,2964
GAN4250,4250,,False,16,0,False,3205
GAN7650,7650,replacement_char,True,19,0,False,2425
GAN8941,8941,replacement_char,True,0,0,False,2475
GAN12036,12036,replacement_char,True,0,3,False,2067
GAN8375,8375,replacement_char,True,14,0,False,2668
GAN5567,5567,replacement_char,True,2,0,False,2216
GAN11400,11400,replacement_char,True,3,0,False,1109
GAN11983,11983,,False,0,17,False,3503
GAN13598,13598,replacement_char,True,8,0,False,2422
GAN13983,13983,,False,24,0,False,3094
GAN14581,14581,,False,9,0,False,2335
GAN6002,6002,replacement_char,True,0,12,False,2339
GAN16324,16324,replacement_char,True,7,0,False,2350
GAN3638,3638,replacement_char,True,9,0,False,3028
GAN6112,6112,replacement_char,True,8,0,False,2601
GAN6204,6204,replacement_char,True,7,0,False,2524
GAN15772,15772,replacement_char,True,16,0,False,2327
GAN13796,13796,,False,8,0,False,2098
GAN12556,12556,replacement_char,True,7,0,False,2436
GAN9654,9654,replacement_char,True,0,3,False,1830
GAN9299,9299,replacement_char,True,0,0,False,4325
GAN3300,3300,replacement_char,True,20,0,False,3423
GAN8893,8893,replacement_char,True,15,0,False,2430
GAN13183,13183,replacement_char,True,19,0,False,3514
GAN15193,15193,replacement_char,True,15,0,False,3466
GAN9891,9891,replacement_char,True,6,0,False,2656
GAN536,536,replacement_char,True,0,0,False,2719
GAN16867,16867,replacement_char,True,0,0,False,3677
GAN9562,9562,replacement_char,True,0,18,False,2519
GAN15479,15479,replacement_char,True,0,14,False,3141
GAN6738,6738,replacement_char,True,11,0,False,2102
GAN9250,9250,,False,24,0,False,2265
GAN16907,16907,replacement_char,True,7,0,False,2611
GAN14810,14810,,False,0,15,False,2324
GAN6164,6164,replacement_char,True,0,13,False,2021
GAN10630,10630,,False,25,0,False,2504
GAN2246,2246,replacement_char,True,0,0,False,2333
GAN4563,4563,replacement_char,True,11,0,False,2361
GAN8006,8006,replacement_char,True,0,0,False,1956
GAN4808,4808,replacement_char,True,13,0,False,3066
GAN10753,10753,replacement_char,True,22,0,False,3097
GAN7688,7688,replacement_char,True,6,0,False,2018
GAN12422,12422,,False,0,3,False,2395
GAN14689,14689,replacement_char,True,0,0,False,3319
GAN7401,7401,replacement_char,True,0,11,False,2549
GAN15029,15029,,False,8,0,False,2807
GAN13149,13149,,False,0,11,False,2837
GAN17202,17202,,False,3,0,False,1684
GAN3692,3692,replacement_char,True,12,0,False,2906
GAN10965,10965,replacement_char,True,11,0,False,3049
GAN12979,12979,utf8_double_A; utf8_fffd; utf8_double_e; utf8_nbsp; replacement_char,True,0,0,False,4145
GAN9815,9815,replacement_char,True,0,0,False,3893
GAN10977,10977,replacement_char,True,5,0,False,2890
GAN10615,10615,replacement_char,True,7,0,False,3708
GAN7392,7392,replacement_char,True,6,0,False,3638
GAN3532,3532,replacement_char,True,14,0,False,3083
GAN9696,9696,replacement_char,True,0,0,False,2093
GAN7818,7818,replacement_char,True,10,0,False,2307
GAN14551,14551,replacement_char,True,19,0,False,2514
GAN13327,13327,replacement_char,True,0,3,False,2296
GAN10183,10183,replacement_char,True,25,0,False,3763
GAN14236,14236,replacement_char,True,0,11,False,2459
GAN13858,13858,replacement_char,True,0,7,False,2632
GAN3493,3493,replacement_char,True,0,33,False,4855
GAN12005,12005,replacement_char,True,0,0,False,4355
GAN7712,7712,,False,0,12,False,2100
GAN15965,15965,replacement_char,True,0,13,False,4524
GAN7987,7987,replacement_char,True,0,0,False,3243
GAN804,804,,False,0,10,False,1933
GAN15262,15262,replacement_char,True,0,10,False,3545
GAN11988,11988,replacement_char,True,6,0,False,2896
GAN6137,6137,replacement_char,True,0,0,False,2730
GAN15434,15434,replacement_char,True,0,22,False,3262
GAN9566,9566,replacement_char,True,0,0,False,2047
GAN3675,3675,replacement_char,True,10,0,False,2960
GAN17107,17107,utf8_double_A; utf8_fffd; utf8_double_e; utf8_nbsp; replacement_char,True,6,0,False,4134
GAN11372,11372,replacement_char,True,0,0,False,1792
GAN14243,14243,,False,33,0,False,4017
GAN446,446,replacement_char,True,0,0,False,2800
GAN13122,13122,replacement_char,True,0,14,False,2983
GAN78,78,replacement_char,True,11,0,False,3306
GAN14294,14294,,False,0,12,False,1982
GAN1596,1596,replacement_char,True,0,0,False,1787
GAN6380,6380,replacement_char,True,18,0,False,2257
GAN11752,11752,replacement_char,True,0,0,False,2223
GAN10,10,replacement_char,True,11,0,False,2379
GAN12319,12319,replacement_char,True,23,0,False,5080
GAN10514,10514,replacement_char,True,0,14,False,2855
GAN10908,10908,replacement_char,True,0,0,False,3127
GAN1624,1624,replacement_char,True,0,0,False,2519
GAN6501,6501,replacement_char,True,0,0,False,3114
GAN3137,3137,replacement_char,True,9,0,False,2155
GAN8002,8002,replacement_char,True,14,0,False,2456
GAN14443,14443,,False,0,22,False,2677
GAN731,731,replacement_char,True,0,0,False,2151
GAN12866,12866,replacement_char,True,11,0,False,3794
GAN15774,15774,replacement_char,True,11,0,False,2397
GAN15168,15168,replacement_char,True,8,0,False,2145
GAN2437,2437,replacement_char,True,0,0,False,3269
GAN6954,6954,,False,0,12,False,1829
GAN14009,14009,replacement_char,True,1,0,False,4168
GAN5248,5248,replacement_char,True,11,0,False,2881
GAN9588,9588,replacement_char,True,0,0,False,2265
GAN2039,2039,replacement_char,True,0,11,False,3682
GAN5827,5827,replacement_char,True,0,7,False,2955
GAN10580,10580,replacement_char,True,14,0,False,2229
GAN2992,2992,,False,11,0,False,2598
GAN2854,2854,,False,0,11,False,2424
GAN803,803,,False,19,0,False,2846
GAN6244,6244,replacement_char,True,1,10,True,2897
GAN11472,11472,replacement_char,True,0,0,False,1097
GAN15503,15503,replacement_char,True,24,0,False,3422
GAN16681,16681,replacement_char,True,8,0,False,2965
GAN12836,12836,replacement_char,True,0,0,False,2877
GAN9002,9002,replacement_char,True,0,0,False,2276
GAN11763,11763,replacement_char,True,0,0,False,1519
GAN16714,16714,,False,11,0,False,2845
GAN4112,4112,replacement_char,True,4,0,False,2965
GAN14949,14949,replacement_char,True,0,6,False,2693
GAN8645,8645,utf8_double_A; utf8_fffd; utf8_double_e; utf8_nbsp; replacement_char,True,6,0,False,2425
GAN10829,10829,replacement_char,True,12,0,False,3067
GAN10149,10149,replacement_char,True,0,7,False,4605
GAN13990,13990,replacement_char,True,22,0,False,3329
GAN3535,3535,replacement_char,True,15,0,False,3297
GAN338,338,utf8_double_A; utf8_fffd; utf8_double_e; utf8_nbsp; replacement_char,True,11,0,False,3686
GAN9926,9926,replacement_char,True,0,0,False,2550
GAN10527,10527,replacement_char,True,7,0,False,3603
GAN16758,16758,replacement_char,True,8,0,False,2874
GAN10771,10771,replacement_char,True,0,0,False,2715
GAN9344,9344,replacement_char,True,0,7,False,2668
GAN6331,6331,,False,0,0,False,1835
GAN704,704,replacement_char,True,0,9,False,1951
GAN16645,16645,replacement_char,True,7,0,False,2661
GAN11936,11936,replacement_char,True,0,7,False,2407
GAN12484,12484,replacement_char,True,0,16,False,3878
GAN15399,15399,,False,0,12,False,3317
GAN16983,16983,,False,20,0,False,2813
GAN13711,13711,replacement_char,True,0,9,False,2584
GAN15685,15685,,False,0,7,False,2773
GAN7573,7573,replacement_char,True,14,0,False,2327
GAN2268,2268,,False,0,0,False,2226
GAN11520,11520,replacement_char,True,4,0,False,1375
GAN10865,10865,replacement_char,True,15,0,False,2524
GAN4368,4368,replacement_char,True,0,0,False,3129
GAN8013,8013,replacement_char,True,13,0,False,3289
GAN10186,10186,replacement_char,True,0,0,False,2024
GAN4352,4352,,False,14,0,False,2892
GAN14284,14284,,False,13,0,False,1542
GAN9399,9399,replacement_char,True,8,0,False,3122
GAN5491,5491,replacement_char,True,0,0,False,2509
GAN15317,15317,replacement_char,True,0,0,False,2268
GAN14954,14954,,False,0,8,False,1869
GAN3356,3356,replacement_char,True,0,0,False,2146
GAN2564,2564,replacement_char,True,0,13,False,2859
GAN538,538,replacement_char,True,11,0,False,3009
GAN2259,2259,replacement_char,True,0,0,False,3029
GAN15992,15992,replacement_char,True,14,0,False,2636
GAN4402,4402,replacement_char,True,22,0,False,3142
GAN938,938,replacement_char,True,0,12,False,2902
GAN1640,1640,replacement_char,True,21,0,False,2618
GAN10268,10268,replacement_char,True,3,0,False,3528
GAN6368,6368,replacement_char,True,11,0,False,2760
GAN5977,5977,replacement_char,True,0,0,False,2625
GAN14375,14375,replacement_char,True,15,0,False,3127
GAN14081,14081,replacement_char,True,0,10,False,2950
GAN14598,14598,replacement_char,True,0,8,False,2412
GAN8494,8494,replacement_char,True,0,10,False,1632
GAN4707,4707,replacement_char,True,0,0,False,2537
GAN2023,2023,replacement_char,True,23,0,False,2503
GAN5034,5034,,False,0,17,False,2092
GAN2907,2907,replacement_char,True,3,0,False,1962
GAN15250,15250,replacement_char,True,0,20,False,2544
GAN8224,8224,replacement_char,True,0,9,False,1785
GAN7348,7348,replacement_char,True,10,0,False,2877
GAN15783,15783,replacement_char,True,4,0,False,3430
GAN1250,1250,replacement_char,True,15,0,False,2508
GAN14973,14973,,False,0,16,False,2755
GAN9212,9212,replacement_char,True,14,0,False,2078
GAN1584,1584,,False,0,13,False,1655
GAN5151,5151,replacement_char,True,0,10,False,1976
GAN10884,10884,replacement_char,True,3,3,True,3450
GAN10902,10902,utf8_double_A; utf8_fffd; utf8_double_e; utf8_nbsp; replacement_char,True,0,0,False,3444
GAN6296,6296,replacement_char,True,0,0,False,1740
GAN6022,6022,replacement_char,True,0,0,False,2887
GAN7061,7061,replacement_char,True,0,4,False,2764
GAN11956,11956,replacement_char,True,0,0,False,3055
GAN419,419,replacement_char,True,0,20,False,3171
GAN1534,1534,replacement_char,True,0,11,False,2448
GAN6358,6358,,False,0,0,False,1466
GAN7541,7541,replacement_char,True,0,6,False,2187
GAN13487,13487,,False,2,0,False,1362
GAN2628,2628,utf8_double_A; utf8_fffd; utf8_double_e; utf8_nbsp; replacement_char,True,0,0,False,2868
GAN8969,8969,replacement_char,True,0,9,False,2649
GAN17003,17003,replacement_char,True,17,0,False,4307
GAN2536,2536,,False,0,6,False,2594
GAN8099,8099,replacement_char,True,0,7,False,2038
GAN6094,6094,replacement_char,True,0,20,False,3272
GAN9103,9103,replacement_char,True,17,1,True,3482
GAN12950,12950,replacement_char,True,13,0,False,2686
GAN848,848,replacement_char,True,0,0,False,3040
